,MonthlyTotal
1948-01-01,52.0
1948-02-01,695.0
1948-03-01,379.0
1948-04-01,1726.0
1948-05-01,2920.0
1948-06-01,3369.0
1948-07-01,4543.0
1948-08-01,3749.0
1948-09-01,2312.0
1948-10-01,2278.0
1948-11-01,342.0
1948-12-01,2.0
1949-01-01,34.0
1949-02-01,95.0
1949-03-01,403.0
1949-04-01,2892.0
1949-05-01,3456.0
1949-06-01,5576.0
1949-07-01,5202.0
1949-08-01,3995.0
1949-09-01,3228.0
1949-10-01,1331.0
1949-11-01,138.0
1949-12-01,8.0
1950-01-01,0.0
1950-02-01,354.0
1950-03-01,258.0
1950-04-01,554.0
1950-05-01,1849.0
1950-06-01,7049.0
1950-07-01,5016.0
1950-08-01,5310.0
1950-09-01,2180.0
1950-10-01,1964.0
1950-11-01,1351.0
1950-12-01,0.0
1951-01-01,6.0
1951-02-01,0.0
1951-03-01,430.0
1951-04-01,1071.0
1951-05-01,1708.0
1951-06-01,4352.0
1951-07-01,5550.0
1951-08-01,4719.0
1951-09-01,2827.0
1951-10-01,3674.0
1951-11-01,311.0
1951-12-01,31.0
1952-01-01,13.0
1952-02-01,1.0
1952-03-01,359.0
1952-04-01,2248.0
1952-05-01,2806.0
1952-06-01,5478.0
1952-07-01,6771.0
1952-08-01,3748.0
1952-09-01,4122.0
1952-10-01,2917.0
1952-11-01,679.0
1952-12-01,3.0
1953-01-01,91.0
1953-02-01,121.0
1953-03-01,600.0
1953-04-01,1010.0
1953-05-01,4115.0
1953-06-01,7138.0
1953-07-01,7440.0
1953-08-01,4624.0
1953-09-01,5618.0
1953-10-01,1657.0
1953-11-01,261.0
1953-12-01,42.0
1954-01-01,164.0
1954-02-01,216.0
1954-03-01,301.0
1954-04-01,805.0
1954-05-01,3158.0
1954-06-01,11528.0
1954-07-01,6062.0
1954-08-01,6066.0
1954-09-01,2867.0
1954-10-01,2721.0
1954-11-01,1.0
1954-12-01,73.0
1955-01-01,37.0
1955-02-01,13.0
1955-03-01,783.0
1955-04-01,915.0
1955-05-01,2845.0
1955-06-01,4898.0
1955-07-01,8000.0
1955-08-01,5551.0
1955-09-01,3416.0
1955-10-01,1496.0
1955-11-01,1363.0
1955-12-01,1.0
1956-01-01,110.0
1956-02-01,42.0
1956-03-01,868.0
1956-04-01,1450.0
1956-05-01,5251.0
1956-06-01,9704.0
1956-07-01,6612.0
1956-08-01,8137.0
1956-09-01,4904.0
1956-10-01,2479.0
1956-11-01,665.0
1956-12-01,44.0
1957-01-01,926.0
1957-02-01,426.0
1957-03-01,91.0
1957-04-01,566.0
1957-05-01,2531.0
1957-06-01,6348.0
1957-07-01,6939.0
1957-08-01,4341.0
1957-09-01,4097.0
1957-10-01,1427.0
1957-11-01,0.0
1957-12-01,6.0
1958-01-01,30.0
1958-02-01,677.0
1958-03-01,461.0
1958-04-01,1583.0
1958-05-01,3606.0
1958-06-01,4886.0
1958-07-01,5308.0
1958-08-01,6190.0
1958-09-01,4252.0
1958-10-01,2877.0
1958-11-01,57.0
1958-12-01,48.0
1959-01-01,539.0
1959-02-01,384.0
1959-03-01,2032.0
1959-04-01,1413.0
1959-05-01,5446.0
1959-06-01,7378.0
1959-07-01,7079.0
1959-08-01,8924.0
1959-09-01,5804.0
1959-10-01,7663.0
1959-11-01,0.0
1959-12-01,216.0
1960-01-01,15.0
1960-02-01,8.0
1960-03-01,906.0
1960-04-01,199.0
1960-05-01,4607.0
1960-06-01,5329.0
1960-07-01,10523.0
1960-08-01,5563.0
1960-09-01,5833.0
1960-10-01,2474.0
1960-11-01,382.0
1960-12-01,6.0
1961-01-01,69.0
1961-02-01,322.0
1961-03-01,285.0
1961-04-01,1061.0
1961-05-01,3515.0
1961-06-01,9757.0
1961-07-01,7279.0
1961-08-01,7376.0
1961-09-01,3726.0
1961-10-01,2849.0
1961-11-01,91.0
1961-12-01,9.0
1962-01-01,122.0
1962-02-01,345.0
1962-03-01,330.0
1962-04-01,1578.0
1962-05-01,4082.0
1962-06-01,8162.0
1962-07-01,6291.0
1962-08-01,6552.0
1962-09-01,3810.0
1962-10-01,2997.0
1962-11-01,262.0
1962-12-01,1.0
1963-01-01,4.0
1963-02-01,26.0
1963-03-01,819.0
1963-04-01,2126.0
1963-05-01,4049.0
1963-06-01,8637.0
1963-07-01,8443.0
1963-08-01,4798.0
1963-09-01,4073.0
1963-10-01,3847.0
1963-11-01,245.0
1963-12-01,7.0
1964-01-01,110.0
1964-02-01,379.0
1964-03-01,431.0
1964-04-01,3529.0
1964-05-01,3924.0
1964-06-01,8731.0
1964-07-01,11577.0
1964-08-01,6423.0
1964-09-01,5174.0
1964-10-01,6033.0
1964-11-01,580.0
1964-12-01,89.0
1965-01-01,0.0
1965-02-01,604.0
1965-03-01,813.0
1965-04-01,928.0
1965-05-01,3228.0
1965-06-01,10421.0
1965-07-01,8888.0
1965-08-01,9563.0
1965-09-01,5134.0
1965-10-01,2212.0
1965-11-01,526.0
1965-12-01,197.0
1966-01-01,267.0
1966-02-01,2.0
1966-03-01,373.0
1966-04-01,1151.0
1966-05-01,2947.0
1966-06-01,9621.0
1966-07-01,8985.0
1966-08-01,9760.0
1966-09-01,7388.0
1966-10-01,4027.0
1966-11-01,438.0
1966-12-01,840.0
1967-01-01,431.0
1967-02-01,75.0
1967-03-01,1867.0
1967-04-01,2754.0
1967-05-01,2916.0
1967-06-01,5833.0
1967-07-01,8407.0
1967-08-01,7458.0
1967-09-01,8174.0
1967-10-01,3201.0
1967-11-01,26.0
1967-12-01,2.0
1968-01-01,85.0
1968-02-01,204.0
1968-03-01,912.0
1968-04-01,1200.0
1968-05-01,4594.0
1968-06-01,11799.0
1968-07-01,11230.0
1968-08-01,7735.0
1968-09-01,3815.0
1968-10-01,2353.0
1968-11-01,321.0
1968-12-01,14.0
1969-01-01,133.0
1969-02-01,14.0
1969-03-01,1859.0
1969-04-01,3427.0
1969-05-01,3142.0
1969-06-01,8890.0
1969-07-01,9836.0
1969-08-01,13026.0
1969-09-01,7026.0
1969-10-01,1329.0
1969-11-01,454.0
1969-12-01,6.0
1970-01-01,367.0
1970-02-01,531.0
1970-03-01,484.0
1970-04-01,2038.0
1970-05-01,3598.0
1970-06-01,9105.0
1970-07-01,13796.0
1970-08-01,7796.0
1970-09-01,7400.0
1970-10-01,6521.0
1970-11-01,997.0
1970-12-01,0.0
1971-01-01,147.0
1971-02-01,87.0
1971-03-01,71.0
1971-04-01,373.0
1971-05-01,1941.0
1971-06-01,7827.0
1971-07-01,9841.0
1971-08-01,10674.0
1971-09-01,6285.0
1971-10-01,3480.0
1971-11-01,2518.0
1971-12-01,1.0
1972-01-01,21.0
1972-02-01,427.0
1972-03-01,366.0
1972-04-01,1949.0
1972-05-01,3038.0
1972-06-01,7071.0
1972-07-01,6398.0
1972-08-01,7930.0
1972-09-01,2607.0
1972-10-01,2143.0
1972-11-01,19.0
1972-12-01,0.0
1973-01-01,100.0
1973-02-01,371.0
1973-03-01,676.0
1973-04-01,2014.0
1973-05-01,8775.0
1973-06-01,9224.0
1973-07-01,7438.0
1973-08-01,6220.0
1973-09-01,7189.0
1973-10-01,2999.0
1973-11-01,2718.0
1973-12-01,1230.0
1974-01-01,53.0
1974-02-01,0.0
1974-03-01,2586.0
1974-04-01,2461.0
1974-05-01,5459.0
1974-06-01,9836.0
1974-07-01,16210.0
1974-08-01,8676.0
1974-09-01,7095.0
1974-10-01,4103.0
1974-11-01,693.0
1974-12-01,3.0
1975-01-01,33.0
1975-02-01,262.0
1975-03-01,150.0
1975-04-01,1458.0
1975-05-01,5118.0
1975-06-01,5426.0
1975-07-01,13958.0
1975-08-01,5599.0
1975-09-01,5720.0
1975-10-01,5447.0
1975-11-01,1988.0
1975-12-01,25.0
1976-01-01,0.0
1976-02-01,410.0
1976-03-01,629.0
1976-04-01,1797.0
1976-05-01,5411.0
1976-06-01,12229.0
1976-07-01,11457.0
1976-08-01,10545.0
1976-09-01,5447.0
1976-10-01,3182.0
1976-11-01,956.0
1976-12-01,35.0
1977-01-01,203.0
1977-02-01,1049.0
1977-03-01,213.0
1977-04-01,8404.0
1977-05-01,8383.0
1977-06-01,16447.0
1977-07-01,14221.0
1977-08-01,9960.0
1977-09-01,5021.0
1977-10-01,3470.0
1977-11-01,1128.0
1977-12-01,316.0
1978-01-01,16.0
1978-02-01,104.0
1978-03-01,513.0
1978-04-01,3037.0
1978-05-01,10937.0
1978-06-01,12960.0
1978-07-01,9815.0
1978-08-01,9163.0
1978-09-01,9447.0
1978-10-01,2611.0
1978-11-01,178.0
1978-12-01,8.0
1979-01-01,261.0
1979-02-01,281.0
1979-03-01,462.0
1979-04-01,992.0
1979-05-01,2578.0
1979-06-01,10465.0
1979-07-01,12172.0
1979-08-01,12127.0
1979-09-01,8029.0
1979-10-01,2150.0
1979-11-01,614.0
1979-12-01,753.0
1980-01-01,95.0
1980-02-01,1127.0
1980-03-01,1599.0
1980-04-01,1605.0
1980-05-01,10077.0
1980-06-01,8262.0
1980-07-01,11675.0
1980-08-01,9578.0
1980-09-01,5145.0
1980-10-01,5674.0
1980-11-01,26.0
1980-12-01,5.0
1981-01-01,732.0
1981-02-01,771.0
1981-03-01,2315.0
1981-04-01,8492.0
1981-05-01,9653.0
1981-06-01,9400.0
1981-07-01,16321.0
1981-08-01,10052.0
1981-09-01,7390.0
1981-10-01,705.0
1981-11-01,128.0
1981-12-01,1122.0
1982-01-01,0.0
1982-02-01,691.0
1982-03-01,934.0
1982-04-01,5352.0
1982-05-01,3540.0
1982-06-01,17038.0
1982-07-01,12950.0
1982-08-01,16431.0
1982-09-01,9036.0
1982-10-01,1151.0
1982-11-01,1022.0
1982-12-01,48.0
1983-01-01,439.0
1983-02-01,1022.0
1983-03-01,2464.0
1983-04-01,5354.0
1983-05-01,11239.0
1983-06-01,10680.0
1983-07-01,13531.0
1983-08-01,18425.0
1983-09-01,8617.0
1983-10-01,8522.0
1983-11-01,1210.0
1983-12-01,689.0
1984-01-01,450.0
1984-02-01,37.0
1984-03-01,181.0
1984-04-01,2697.0
1984-05-01,12292.0
1984-06-01,21269.0
1984-07-01,17101.0
1984-08-01,13463.0
1984-09-01,9448.0
1984-10-01,4252.0
1984-11-01,63.0
1984-12-01,134.0
1985-01-01,155.0
1985-02-01,266.0
1985-03-01,2096.0
1985-04-01,2963.0
1985-05-01,8819.0
1985-06-01,13526.0
1985-07-01,13097.0
1985-08-01,12275.0
1985-09-01,8444.0
1985-10-01,2884.0
1985-11-01,1478.0
1985-12-01,108.0
1986-01-01,142.0
1986-02-01,53.0
1986-03-01,210.0
1986-04-01,4800.0
1986-05-01,5933.0
1986-06-01,12193.0
1986-07-01,16642.0
1986-08-01,9618.0
1986-09-01,14728.0
1986-10-01,6008.0
1986-11-01,2680.0
1986-12-01,124.0
1987-01-01,57.0
1987-02-01,322.0
1987-03-01,1503.0
1987-04-01,6409.0
1987-05-01,3801.0
1987-06-01,9927.0
1987-07-01,24230.0
1987-08-01,20610.0
1987-09-01,11749.0
1987-10-01,2600.0
1987-11-01,1447.0
1987-12-01,343.0
1988-01-01,4.0
1988-02-01,1057.0
1988-03-01,1711.0
1988-04-01,3953.0
1988-05-01,12462.0
1988-06-01,18774.0
1988-07-01,15757.0
1988-08-01,15271.0
1988-09-01,9407.0
1988-10-01,4976.0
1988-11-01,2848.0
1988-12-01,354.0
1989-01-01,46.0
1989-02-01,431.0
1989-03-01,187.0
1989-04-01,3031.0
1989-05-01,6384.0
1989-06-01,11282.0
1989-07-01,18038.0
1989-08-01,5618.0
1989-09-01,11995.0
1989-10-01,9502.0
1989-11-01,226.0
1989-12-01,71.0
1990-01-01,3.0
1990-02-01,1596.0
1990-03-01,4655.0
1990-04-01,5230.0
1990-05-01,9055.0
1990-06-01,14535.0
1990-07-01,18953.0
1990-08-01,8535.0
1990-09-01,9514.0
1990-10-01,6310.0
1990-11-01,2358.0
1990-12-01,689.0
1991-01-01,460.0
1991-02-01,745.0
1991-03-01,1261.0
1991-04-01,3844.0
1991-05-01,10828.0
1991-06-01,20168.0
1991-07-01,15024.0
1991-08-01,13654.0
1991-09-01,16233.0
1991-10-01,8810.0
1991-11-01,1043.0
1991-12-01,1659.0
1992-01-01,133.0
1992-02-01,2576.0
1992-03-01,214.0
1992-04-01,634.0
1992-05-01,6485.0
1992-06-01,11384.0
1992-07-01,14542.0
1992-08-01,10197.0
1992-09-01,10152.0
1992-10-01,5778.0
1992-11-01,344.0
1992-12-01,170.0
1993-01-01,555.0
1993-02-01,1929.0
1993-03-01,4573.0
1993-04-01,4238.0
1993-05-01,11649.0
1993-06-01,19994.0
1993-07-01,15221.0
1993-08-01,15829.0
1993-09-01,11267.0
1993-10-01,4703.0
1993-11-01,665.0
1993-12-01,0.0
1994-01-01,369.0
1994-02-01,755.0
1994-03-01,3665.0
1994-04-01,5723.0
1994-05-01,6653.0
1994-06-01,16232.0
1994-07-01,11688.0
1994-08-01,12002.0
1994-09-01,5840.0
1994-10-01,3207.0
1994-11-01,335.0
1994-12-01,1.0
1995-01-01,180.0
1995-02-01,1014.0
1995-03-01,720.0
1995-04-01,1482.0
1995-05-01,7815.0
1995-06-01,15344.0
1995-07-01,17694.0
1995-08-01,13906.0
1995-09-01,11673.0
1995-10-01,2659.0
1995-11-01,6111.0
1995-12-01,31.0
1996-01-01,151.0
1996-02-01,960.0
1996-03-01,1822.0
1996-04-01,3693.0
1996-05-01,7279.0
1996-06-01,14158.0
1996-07-01,13818.0
1996-08-01,14496.0
1996-09-01,9533.0
1996-10-01,9316.0
1996-11-01,428.0
1996-12-01,16.0
1997-01-01,172.0
1997-02-01,913.0
1997-03-01,2439.0
1997-04-01,3797.0
1997-05-01,6695.0
1997-06-01,10611.0
1997-07-01,21607.0
1997-08-01,12976.0
1997-09-01,14633.0
1997-10-01,1541.0
1997-11-01,426.0
1997-12-01,675.0
1998-01-01,947.0
1998-02-01,1140.0
1998-03-01,3542.0
1998-04-01,5792.0
1998-05-01,9565.0
1998-06-01,7566.0
1998-07-01,24260.0
1998-08-01,20274.0
1998-09-01,9831.0
1998-10-01,5356.0
1998-11-01,3051.0
1998-12-01,9.0
1999-01-01,1.0
1999-02-01,2.0
1999-03-01,132.0
1999-04-01,1124.0
1999-05-01,12219.0
1999-06-01,17216.0
1999-07-01,21028.0
1999-08-01,18792.0
1999-09-01,12292.0
1999-10-01,9190.0
1999-11-01,317.0
1999-12-01,715.0
2000-01-01,832.0
2000-02-01,727.0
2000-03-01,1894.0
2000-04-01,5670.0
2000-05-01,15598.0
2000-06-01,15005.0
2000-07-01,16197.0
2000-08-01,14077.0
2000-09-01,11284.0
2000-10-01,7677.0
2000-11-01,509.0
2000-12-01,0.0
2001-01-01,8.0
2001-02-01,812.0
2001-03-01,535.0
2001-04-01,1623.0
2001-05-01,12740.0
2001-06-01,25205.0
2001-07-01,14341.0
2001-08-01,10512.0
2001-09-01,9930.0
2001-10-01,8591.0
2001-11-01,2294.0
2001-12-01,1.0
2002-01-01,430.0
2002-02-01,53.0
2002-03-01,2144.0
2002-04-01,5059.0
2002-05-01,11852.0
2002-06-01,19178.0
2002-07-01,23454.0
2002-08-01,13328.0
2002-09-01,10444.0
2002-10-01,3577.0
2002-11-01,2876.0
2002-12-01,42.0
2003-01-01,35.0
2003-02-01,496.0
2003-03-01,3117.0
2003-04-01,3402.0
2003-05-01,6312.0
2003-06-01,23396.0
2003-07-01,12604.0
2003-08-01,9457.0
2003-09-01,8665.0
2003-10-01,8525.0
2003-11-01,3.0
2003-12-01,984.0
2004-01-01,53.0
2004-02-01,16.0
2004-03-01,382.0
2004-04-01,5491.0
2004-05-01,6385.0
2004-06-01,16845.0
2004-07-01,17890.0
2004-08-01,11953.0
2004-09-01,22193.0
2004-10-01,8965.0
2004-11-01,32.0
2004-12-01,41.0
2005-01-01,382.0
2005-02-01,227.0
2005-03-01,3571.0
2005-04-01,2935.0
2005-05-01,7181.0
2005-06-01,10574.0
2005-07-01,19480.0
2005-08-01,16827.0
2005-09-01,9668.0
2005-10-01,13636.0
2005-11-01,249.0
2005-12-01,197.0
2006-01-01,0.0
2006-02-01,66.0
2006-03-01,106.0
2006-04-01,2635.0
2006-05-01,14475.0
2006-06-01,12823.0
2006-07-01,13779.0
2006-08-01,9687.0
2006-09-01,15670.0
2006-10-01,2169.0
2006-11-01,326.0
2006-12-01,54.0
2007-01-01,15.0
2007-02-01,2005.0
2007-03-01,617.0
2007-04-01,3863.0
2007-05-01,7172.0
2007-06-01,17473.0
2007-07-01,23824.0
2007-08-01,11201.0
2007-09-01,12630.0
2007-10-01,8726.0
2007-11-01,3155.0
2007-12-01,0.0
2008-01-01,1396.0
2008-02-01,698.0
2008-03-01,1057.0
2008-04-01,1030.0
2008-05-01,7618.0
2008-06-01,14885.0
2008-07-01,24484.0
2008-08-01,15091.0
2008-09-01,9563.0
2008-10-01,7956.0
2008-11-01,120.0
2008-12-01,2.0
2009-01-01,5.0
2009-02-01,90.0
2009-03-01,562.0
2009-04-01,2655.0
2009-05-01,9681.0
2009-06-01,9120.0
2009-07-01,21349.0
2009-08-01,18764.0
2009-09-01,9458.0
2009-10-01,5679.0
2009-11-01,563.0
2009-12-01,1.0
2010-01-01,1.0
2010-02-01,258.0
2010-03-01,722.0
2010-04-01,2393.0
2010-05-01,10231.0
2010-06-01,19569.0
2010-07-01,11427.0
2010-08-01,10942.0
2010-09-01,8259.0
2010-10-01,8265.0
2010-11-01,510.0
2010-12-01,1112.0
2011-01-01,49.0
2011-02-01,113.0
2011-03-01,1294.0
2011-04-01,3143.0
2011-05-01,9565.0
2011-06-01,17091.0
2011-07-01,16366.0
2011-08-01,21387.0
2011-09-01,12919.0
2011-10-01,3151.0
2011-11-01,32.0
2011-12-01,6.0
2012-01-01,451.0
2012-02-01,98.0
2012-03-01,837.0
2012-04-01,6430.0
2012-05-01,5289.0
2012-06-01,17630.0
2012-07-01,18751.0
2012-08-01,12573.0
2012-09-01,9908.0
2012-10-01,6815.0
2012-11-01,1640.0
2012-12-01,77.0
2013-01-01,17.0
2013-02-01,265.0
2013-03-01,316.0
2013-04-01,2079.0
2013-05-01,17792.0
2013-06-01,13739.0
2013-07-01,13168.0
2013-08-01,13949.0
2013-09-01,10046.0
2013-10-01,8678.0
2013-11-01,10.0
2013-12-01,14.0
2014-01-01,4.0
2014-02-01,896.0
2014-03-01,632.0
2014-04-01,949.0
2014-05-01,7101.0
2014-06-01,19960.0
2015-01-01,171.4151955598206
2015-02-01,415.08434387837895
2015-03-01,937.2627560508586
2015-04-01,3024.08089093984
2015-05-01,9838.463588012923
2015-06-01,16188.522986064458
2015-07-01,17284.70189586294
2015-08-01,14340.00329387174
2015-09-01,10923.540401800406
2015-10-01,6936.818949973149
2015-11-01,736.7113395176946
2015-12-01,154.24326415516043
2016-01-01,158.71511337343895
2016-02-01,432.3933087186884
2016-03-01,918.1822025586993
2016-04-01,2923.08148681351
2016-05-01,9706.80474594378
2016-06-01,16358.140824958791
2016-07-01,17300.66698923316
2016-08-01,14336.944521680536
2016-09-01,10920.853401492612
2016-10-01,6928.200361759143
2016-11-01,733.6333896878177
2016-12-01,149.84763224847745
2017-01-01,154.35197629472594
2017-02-01,426.64115511025636
2017-03-01,914.1143957549942
2017-04-01,2922.805424463577
2017-05-01,9707.947804502839
2017-06-01,16345.338812569582
2017-07-01,17294.977038855777
2017-08-01,14332.135121215335
2017-09-01,10916.026792973757
2017-10-01,6923.648306232319
2017-11-01,728.824876890162
2017-12-01,145.1001104640976
2018-01-01,149.6029504354869
2018-02-01,421.9564220930432
2018-03-01,909.351700063676
2018-04-01,2917.8672218420293
2018-05-01,9702.94391561013
2018-06-01,16340.98039349263
2018-07-01,17290.28942666296
2018-08-01,14327.406751367595
2018-09-01,10911.299219628183
2018-10-01,6918.908024764294
2018-11-01,724.0964659553142
2018-12-01,140.36887646307423
2019-01-01,144.8717860529635
2019-02-01,417.2222818139431
2019-03-01,904.621168411099
2019-04-01,2913.144813807205
2019-05-01,9698.22454796897
2019-06-01,16336.231149253163
2019-07-01,17285.555419651086
2019-08-01,14322.674630888687
2019-09-01,10906.567062281902
2019-10-01,6914.1764556337
2019-11-01,719.3643473781902
2019-12-01,135.63688855606438
2020-01-01,140.13979492355048
2020-02-01,412.4904284286421
2020-03-01,899.8891479947729
2020-04-01,2908.412417376295
2020-05-01,9693.492010808597
2020-06-01,16331.49999497872
2020-07-01,17280.8235600973
2020-08-01,14317.942684013717
2020-09-01,10901.835117113398
2020-10-01,6909.444483238696
2020-11-01,714.6324004151921
2020-12-01,130.90493554479178
2021-01-01,135.40784206143195
2021-02-01,407.758469190818
2021-03-01,895.1571964882457
2021-04-01,2903.6804832742014
2021-05-01,9688.76008322039
2021-06-01,16326.76800338144
2021-07-01,17276.091601145
2021-08-01,14313.210729103217
2021-09-01,10897.10316212391
2021-10-01,6904.712529509428
2021-11-01,709.9004455087651
2021-12-01,126.1729809183189
2022-01-01,130.67588742805532
2022-02-01,403.02651485255103
2022-03-01,890.4252417921233
2022-04-01,2898.948527772487
2022-05-01,9684.028127417172
2022-06-01,16322.03605054098
2022-07-01,
2022-08-01,
2022-09-01,
2022-10-01,
2022-11-01,
2022-12-01,
