YEAR,MONTH,DATE,GRADE,PRICE_PER_KG,MARKET,STATE,DISTRICT,VOLUME_TONNES,TREND,MIN_PRICE,MAX_PRICE,OPEN_PRICE,CLOSE_PRICE
2015,1,2015-01-15,RSS-4,105.80,Kottayam,Kerala,Kottayam,12500,Falling,103.50,108.20,106.50,105.80
2015,1,2015-01-15,RSS-3,112.50,Kottayam,Kerala,Kottayam,3200,Falling,110.00,115.00,113.20,112.50
2015,1,2015-01-15,RSS-5,98.40,Kottayam,Kerala,Kottayam,1800,Falling,96.00,100.80,99.20,98.40
2015,1,2015-01-15,ISNR-20,95.60,Kottayam,Kerala,Kottayam,2100,Falling,93.50,97.80,96.40,95.60
2015,1,2015-01-15,Latex,118.30,Kottayam,Kerala,Kottayam,4500,Stable,116.00,120.50,117.80,118.30
2015,1,2015-01-15,RSS-4,104.20,Changanacherry,Kerala,Kottayam,4200,Falling,102.00,106.50,105.00,104.20
2015,1,2015-01-15,RSS-4,103.80,Palai,Kerala,Idukki,3800,Falling,101.50,106.00,104.50,103.80
2015,1,2015-01-15,RSS-4,104.50,Thodupuzha,Kerala,Idukki,3500,Falling,102.20,106.80,105.20,104.50
2015,1,2015-01-15,RSS-4,106.20,Kochi,Kerala,Ernakulam,5800,Falling,104.00,108.50,107.00,106.20
2015,1,2015-01-15,RSS-4,103.50,Thrissur,Kerala,Thrissur,2900,Falling,101.20,105.80,104.20,103.50
2015,1,2015-01-15,RSS-4,102.80,Kozhikode,Kerala,Kozhikode,2400,Falling,100.50,105.00,103.50,102.80
2015,2,2015-02-15,RSS-4,108.30,Kottayam,Kerala,Kottayam,11800,Rising,106.00,110.50,106.50,108.30
2015,2,2015-02-15,RSS-3,115.20,Kottayam,Kerala,Kottayam,3000,Rising,112.80,117.50,113.50,115.20
2015,2,2015-02-15,RSS-5,101.50,Kottayam,Kerala,Kottayam,1700,Rising,99.20,103.80,100.00,101.50
2015,2,2015-02-15,ISNR-20,98.40,Kottayam,Kerala,Kottayam,2000,Rising,96.20,100.60,97.00,98.40
2015,2,2015-02-15,Latex,121.60,Kottayam,Kerala,Kottayam,4300,Rising,119.20,123.80,120.00,121.60
2015,2,2015-02-15,RSS-4,106.80,Changanacherry,Kerala,Kottayam,4000,Rising,104.50,109.00,105.20,106.80
2015,2,2015-02-15,RSS-4,106.40,Palai,Kerala,Idukki,3600,Rising,104.00,108.80,104.80,106.40
2015,2,2015-02-15,RSS-4,107.00,Thodupuzha,Kerala,Idukki,3400,Rising,104.80,109.20,105.50,107.00
2015,2,2015-02-15,RSS-4,108.80,Kochi,Kerala,Ernakulam,5600,Rising,106.50,111.00,107.20,108.80
2015,2,2015-02-15,RSS-4,106.00,Thrissur,Kerala,Thrissur,2800,Rising,103.80,108.20,104.50,106.00
2015,2,2015-02-15,RSS-4,105.30,Kozhikode,Kerala,Kozhikode,2300,Rising,103.00,107.50,103.80,105.30
2015,3,2015-03-15,RSS-4,112.50,Kottayam,Kerala,Kottayam,10500,Rising,110.20,114.80,109.00,112.50
2015,3,2015-03-15,RSS-3,119.80,Kottayam,Kerala,Kottayam,2800,Rising,117.50,122.00,118.00,119.80
2015,3,2015-03-15,RSS-5,105.60,Kottayam,Kerala,Kottayam,1600,Rising,103.40,107.80,104.20,105.60
2015,3,2015-03-15,ISNR-20,102.80,Kottayam,Kerala,Kottayam,1900,Rising,100.60,105.00,101.40,102.80
2015,3,2015-03-15,Latex,126.20,Kottayam,Kerala,Kottayam,4100,Rising,123.80,128.50,124.50,126.20
2015,3,2015-03-15,RSS-4,111.00,Changanacherry,Kerala,Kottayam,3800,Rising,108.80,113.20,109.50,111.00
2015,3,2015-03-15,RSS-4,110.60,Palai,Kerala,Idukki,3400,Rising,108.40,112.80,109.00,110.60
2015,3,2015-03-15,RSS-4,111.20,Thodupuzha,Kerala,Idukki,3200,Rising,109.00,113.40,109.80,111.20
2015,3,2015-03-15,RSS-4,113.00,Kochi,Kerala,Ernakulam,5400,Rising,110.80,115.20,111.50,113.00
2015,3,2015-03-15,RSS-4,110.20,Thrissur,Kerala,Thrissur,2700,Rising,108.00,112.40,108.80,110.20
2015,3,2015-03-15,RSS-4,109.50,Kozhikode,Kerala,Kozhikode,2200,Rising,107.30,111.70,108.00,109.50
2015,4,2015-04-15,RSS-4,118.70,Kottayam,Kerala,Kottayam,9200,Rising,116.40,121.00,113.20,118.70
2015,4,2015-04-15,RSS-3,126.40,Kottayam,Kerala,Kottayam,2500,Rising,124.00,128.80,124.80,126.40
2015,4,2015-04-15,RSS-5,111.80,Kottayam,Kerala,Kottayam,1500,Rising,109.60,114.00,110.40,111.80
2015,4,2015-04-15,ISNR-20,108.60,Kottayam,Kerala,Kottayam,1800,Rising,106.40,110.80,107.20,108.60
2015,4,2015-04-15,Latex,132.50,Kottayam,Kerala,Kottayam,3900,Rising,130.00,135.00,130.80,132.50
2015,4,2015-04-15,RSS-4,117.20,Changanacherry,Kerala,Kottayam,3600,Rising,115.00,119.40,115.80,117.20
2015,4,2015-04-15,RSS-4,116.80,Palai,Kerala,Idukki,3200,Rising,114.60,119.00,115.40,116.80
2015,4,2015-04-15,RSS-4,117.40,Thodupuzha,Kerala,Idukki,3000,Rising,115.20,119.60,116.00,117.40
2015,4,2015-04-15,RSS-4,119.20,Kochi,Kerala,Ernakulam,5200,Rising,117.00,121.40,117.80,119.20
2015,4,2015-04-15,RSS-4,116.40,Thrissur,Kerala,Thrissur,2600,Rising,114.20,118.60,115.00,116.40
2015,4,2015-04-15,RSS-4,115.70,Kozhikode,Kerala,Kozhikode,2100,Rising,113.50,117.90,114.30,115.70
2015,5,2015-05-15,RSS-4,122.40,Kottayam,Kerala,Kottayam,8500,Rising,120.00,124.80,119.50,122.40
2015,5,2015-05-15,RSS-3,130.50,Kottayam,Kerala,Kottayam,2300,Rising,128.00,133.00,128.80,130.50
2015,5,2015-05-15,RSS-5,115.60,Kottayam,Kerala,Kottayam,1400,Rising,113.40,117.80,114.20,115.60
2015,5,2015-05-15,ISNR-20,112.40,Kottayam,Kerala,Kottayam,1700,Rising,110.20,114.60,111.00,112.40
2015,5,2015-05-15,Latex,136.80,Kottayam,Kerala,Kottayam,3700,Rising,134.20,139.40,135.00,136.80
2015,5,2015-05-15,RSS-4,120.90,Changanacherry,Kerala,Kottayam,3400,Rising,118.60,123.20,119.40,120.90
2015,5,2015-05-15,RSS-4,120.50,Palai,Kerala,Idukki,3000,Rising,118.20,122.80,119.00,120.50
2015,5,2015-05-15,RSS-4,121.10,Thodupuzha,Kerala,Idukki,2800,Rising,118.80,123.40,119.60,121.10
2015,5,2015-05-15,RSS-4,122.90,Kochi,Kerala,Ernakulam,5000,Rising,120.60,125.20,121.40,122.90
2015,5,2015-05-15,RSS-4,120.10,Thrissur,Kerala,Thrissur,2500,Rising,117.80,122.40,118.60,120.10
2015,5,2015-05-15,RSS-4,119.40,Kozhikode,Kerala,Kozhikode,2000,Rising,117.10,121.70,117.90,119.40
2015,6,2015-06-15,RSS-4,118.60,Kottayam,Kerala,Kottayam,7200,Falling,116.20,121.00,122.00,118.60
2015,6,2015-06-15,RSS-3,126.80,Kottayam,Kerala,Kottayam,2100,Falling,124.40,129.20,130.00,126.80
2015,6,2015-06-15,RSS-5,111.80,Kottayam,Kerala,Kottayam,1300,Falling,109.60,114.00,115.20,111.80
2015,6,2015-06-15,ISNR-20,108.60,Kottayam,Kerala,Kottayam,1600,Falling,106.40,110.80,112.00,108.60
2015,6,2015-06-15,Latex,133.00,Kottayam,Kerala,Kottayam,3500,Falling,130.60,135.40,136.40,133.00
2015,6,2015-06-15,RSS-4,117.10,Changanacherry,Kerala,Kottayam,3200,Falling,114.80,119.40,120.50,117.10
2015,6,2015-06-15,RSS-4,116.70,Palai,Kerala,Idukki,2800,Falling,114.40,119.00,120.10,116.70
2015,6,2015-06-15,RSS-4,117.30,Thodupuzha,Kerala,Idukki,2600,Falling,115.00,119.60,120.70,117.30
2015,6,2015-06-15,RSS-4,119.10,Kochi,Kerala,Ernakulam,4800,Falling,116.80,121.40,122.50,119.10
2015,6,2015-06-15,RSS-4,116.30,Thrissur,Kerala,Thrissur,2300,Falling,114.00,118.60,119.70,116.30
2015,6,2015-06-15,RSS-4,115.60,Kozhikode,Kerala,Kozhikode,1800,Falling,113.30,117.90,119.00,115.60
2015,7,2015-07-15,RSS-4,115.30,Kottayam,Kerala,Kottayam,6500,Falling,113.00,117.60,118.20,115.30
2015,7,2015-07-15,RSS-3,123.50,Kottayam,Kerala,Kottayam,1900,Falling,121.20,125.80,126.40,123.50
2015,7,2015-07-15,RSS-5,108.50,Kottayam,Kerala,Kottayam,1200,Falling,106.30,110.70,111.40,108.50
2015,7,2015-07-15,ISNR-20,105.30,Kottayam,Kerala,Kottayam,1500,Falling,103.10,107.50,108.20,105.30
2015,7,2015-07-15,Latex,129.60,Kottayam,Kerala,Kottayam,3300,Falling,127.30,131.90,132.60,129.60
2015,7,2015-07-15,RSS-4,113.80,Changanacherry,Kerala,Kottayam,3000,Falling,111.50,116.10,116.70,113.80
2015,7,2015-07-15,RSS-4,113.40,Palai,Kerala,Idukki,2600,Falling,111.10,115.70,116.30,113.40
2015,7,2015-07-15,RSS-4,114.00,Thodupuzha,Kerala,Idukki,2400,Falling,111.70,116.30,116.90,114.00
2015,7,2015-07-15,RSS-4,115.80,Kochi,Kerala,Ernakulam,4600,Falling,113.50,118.10,118.70,115.80
2015,7,2015-07-15,RSS-4,113.00,Thrissur,Kerala,Thrissur,2100,Falling,110.70,115.30,115.90,113.00
2015,7,2015-07-15,RSS-4,112.30,Kozhikode,Kerala,Kozhikode,1600,Falling,110.00,114.60,115.20,112.30
2015,8,2015-08-15,RSS-4,108.70,Kottayam,Kerala,Kottayam,6800,Falling,106.40,111.00,114.90,108.70
2015,8,2015-08-15,RSS-3,116.80,Kottayam,Kerala,Kottayam,2000,Falling,114.50,119.10,123.10,116.80
2015,8,2015-08-15,RSS-5,101.90,Kottayam,Kerala,Kottayam,1300,Falling,99.70,104.10,108.10,101.90
2015,8,2015-08-15,ISNR-20,98.70,Kottayam,Kerala,Kottayam,1600,Falling,96.50,100.90,104.90,98.70
2015,8,2015-08-15,Latex,122.80,Kottayam,Kerala,Kottayam,3400,Falling,120.50,125.10,129.20,122.80
2015,8,2015-08-15,RSS-4,107.20,Changanacherry,Kerala,Kottayam,3100,Falling,104.90,109.50,113.40,107.20
2015,8,2015-08-15,RSS-4,106.80,Palai,Kerala,Idukki,2700,Falling,104.50,109.10,113.00,106.80
2015,8,2015-08-15,RSS-4,107.40,Thodupuzha,Kerala,Idukki,2500,Falling,105.10,109.70,113.60,107.40
2015,8,2015-08-15,RSS-4,109.20,Kochi,Kerala,Ernakulam,4700,Falling,106.90,111.50,115.40,109.20
2015,8,2015-08-15,RSS-4,106.40,Thrissur,Kerala,Thrissur,2200,Falling,104.10,108.70,112.60,106.40
2015,8,2015-08-15,RSS-4,105.70,Kozhikode,Kerala,Kozhikode,1700,Falling,103.40,108.00,111.90,105.70
2015,9,2015-09-15,RSS-4,105.40,Kottayam,Kerala,Kottayam,8200,Falling,103.10,107.70,108.30,105.40
2015,9,2015-09-15,RSS-3,113.50,Kottayam,Kerala,Kottayam,2200,Falling,111.20,115.80,116.40,113.50
2015,9,2015-09-15,RSS-5,98.60,Kottayam,Kerala,Kottayam,1400,Falling,96.40,100.80,101.50,98.60
2015,9,2015-09-15,ISNR-20,95.40,Kottayam,Kerala,Kottayam,1700,Falling,93.20,97.60,98.30,95.40
2015,9,2015-09-15,Latex,119.50,Kottayam,Kerala,Kottayam,3600,Falling,117.20,121.80,122.40,119.50
2015,9,2015-09-15,RSS-4,103.90,Changanacherry,Kerala,Kottayam,3300,Falling,101.60,106.20,106.80,103.90
2015,9,2015-09-15,RSS-4,103.50,Palai,Kerala,Idukki,2900,Falling,101.20,105.80,106.40,103.50
2015,9,2015-09-15,RSS-4,104.10,Thodupuzha,Kerala,Idukki,2700,Falling,101.80,106.40,107.00,104.10
2015,9,2015-09-15,RSS-4,105.90,Kochi,Kerala,Ernakulam,4900,Falling,103.60,108.20,108.80,105.90
2015,9,2015-09-15,RSS-4,103.10,Thrissur,Kerala,Thrissur,2400,Falling,100.80,105.40,106.00,103.10
2015,9,2015-09-15,RSS-4,102.40,Kozhikode,Kerala,Kozhikode,1900,Falling,100.10,104.70,105.30,102.40
2015,10,2015-10-15,RSS-4,102.80,Kottayam,Kerala,Kottayam,10500,Falling,100.50,105.10,105.00,102.80
2015,10,2015-10-15,RSS-3,110.90,Kottayam,Kerala,Kottayam,2800,Falling,108.60,113.20,113.10,110.90
2015,10,2015-10-15,RSS-5,96.00,Kottayam,Kerala,Kottayam,1600,Falling,93.80,98.20,98.20,96.00
2015,10,2015-10-15,ISNR-20,92.80,Kottayam,Kerala,Kottayam,1900,Falling,90.60,95.00,95.00,92.80
2015,10,2015-10-15,Latex,116.90,Kottayam,Kerala,Kottayam,3800,Falling,114.60,119.20,119.10,116.90
2015,10,2015-10-15,RSS-4,101.30,Changanacherry,Kerala,Kottayam,3600,Falling,99.00,103.60,103.50,101.30
2015,10,2015-10-15,RSS-4,100.90,Palai,Kerala,Idukki,3200,Falling,98.60,103.20,103.10,100.90
2015,10,2015-10-15,RSS-4,101.50,Thodupuzha,Kerala,Idukki,3000,Falling,99.20,103.80,103.70,101.50
2015,10,2015-10-15,RSS-4,103.30,Kochi,Kerala,Ernakulam,5200,Falling,101.00,105.60,105.50,103.30
2015,10,2015-10-15,RSS-4,100.50,Thrissur,Kerala,Thrissur,2700,Falling,98.20,102.80,102.70,100.50
2015,10,2015-10-15,RSS-4,99.80,Kozhikode,Kerala,Kozhikode,2200,Falling,97.50,102.10,102.00,99.80
2015,11,2015-11-15,RSS-4,98.50,Kottayam,Kerala,Kottayam,12800,Falling,96.20,100.80,102.40,98.50
2015,11,2015-11-15,RSS-3,106.60,Kottayam,Kerala,Kottayam,3400,Falling,104.30,108.90,110.50,106.60
2015,11,2015-11-15,RSS-5,91.70,Kottayam,Kerala,Kottayam,1800,Falling,89.50,93.90,95.60,91.70
2015,11,2015-11-15,ISNR-20,88.50,Kottayam,Kerala,Kottayam,2100,Falling,86.30,90.70,92.40,88.50
2015,11,2015-11-15,Latex,112.60,Kottayam,Kerala,Kottayam,4000,Falling,110.30,114.90,116.50,112.60
2015,11,2015-11-15,RSS-4,97.00,Changanacherry,Kerala,Kottayam,3900,Falling,94.70,99.30,100.90,97.00
2015,11,2015-11-15,RSS-4,96.60,Palai,Kerala,Idukki,3500,Falling,94.30,98.90,100.50,96.60
2015,11,2015-11-15,RSS-4,97.20,Thodupuzha,Kerala,Idukki,3300,Falling,94.90,99.50,101.10,97.20
2015,11,2015-11-15,RSS-4,99.00,Kochi,Kerala,Ernakulam,5600,Falling,96.70,101.30,102.90,99.00
2015,11,2015-11-15,RSS-4,96.20,Thrissur,Kerala,Thrissur,3000,Falling,93.90,98.50,100.10,96.20
2015,11,2015-11-15,RSS-4,95.50,Kozhikode,Kerala,Kozhikode,2500,Falling,93.20,97.80,99.40,95.50
2015,12,2015-12-15,RSS-4,95.30,Kottayam,Kerala,Kottayam,14200,Falling,93.00,97.60,98.10,95.30
2015,12,2015-12-15,RSS-3,103.40,Kottayam,Kerala,Kottayam,3800,Falling,101.10,105.70,106.20,103.40
2015,12,2015-12-15,RSS-5,88.50,Kottayam,Kerala,Kottayam,2000,Falling,86.30,90.70,91.30,88.50
2015,12,2015-12-15,ISNR-20,85.30,Kottayam,Kerala,Kottayam,2300,Falling,83.10,87.50,88.10,85.30
2015,12,2015-12-15,Latex,109.40,Kottayam,Kerala,Kottayam,4200,Falling,107.10,111.70,112.20,109.40
2015,12,2015-12-15,RSS-4,93.80,Changanacherry,Kerala,Kottayam,4200,Falling,91.50,96.10,96.60,93.80
2015,12,2015-12-15,RSS-4,93.40,Palai,Kerala,Idukki,3800,Falling,91.10,95.70,96.20,93.40
2015,12,2015-12-15,RSS-4,94.00,Thodupuzha,Kerala,Idukki,3600,Falling,91.70,96.30,96.80,94.00
2015,12,2015-12-15,RSS-4,95.80,Kochi,Kerala,Ernakulam,6000,Falling,93.50,98.10,98.60,95.80
2015,12,2015-12-15,RSS-4,93.00,Thrissur,Kerala,Thrissur,3300,Falling,90.70,95.30,95.80,93.00
2015,12,2015-12-15,RSS-4,92.30,Kozhikode,Kerala,Kozhikode,2800,Falling,90.00,94.60,95.10,92.30
2016,1,2016-01-15,RSS-4,98.70,Kottayam,Kerala,Kottayam,13500,Rising,96.40,101.00,95.80,98.70
2016,1,2016-01-15,RSS-3,106.80,Kottayam,Kerala,Kottayam,3600,Rising,104.50,109.10,103.90,106.80
2016,1,2016-01-15,RSS-5,91.90,Kottayam,Kerala,Kottayam,1900,Rising,89.70,94.10,89.00,91.90
2016,1,2016-01-15,ISNR-20,88.70,Kottayam,Kerala,Kottayam,2200,Rising,86.50,90.90,85.80,88.70
2016,1,2016-01-15,Latex,112.80,Kottayam,Kerala,Kottayam,4100,Rising,110.50,115.10,109.90,112.80
2016,1,2016-01-15,RSS-4,97.20,Changanacherry,Kerala,Kottayam,4000,Rising,94.90,99.50,94.30,97.20
2016,1,2016-01-15,RSS-4,96.80,Palai,Kerala,Idukki,3600,Rising,94.50,99.10,93.90,96.80
2016,1,2016-01-15,RSS-4,97.40,Thodupuzha,Kerala,Idukki,3400,Rising,95.10,99.70,94.50,97.40
2016,1,2016-01-15,RSS-4,99.20,Kochi,Kerala,Ernakulam,5800,Rising,96.90,101.50,96.30,99.20
2016,1,2016-01-15,RSS-4,96.40,Thrissur,Kerala,Thrissur,3100,Rising,94.10,98.70,93.50,96.40
2016,1,2016-01-15,RSS-4,95.70,Kozhikode,Kerala,Kozhikode,2600,Rising,93.40,98.00,92.80,95.70
2016,2,2016-02-15,RSS-4,102.40,Kottayam,Kerala,Kottayam,12200,Rising,100.10,104.70,99.20,102.40
2016,2,2016-02-15,RSS-3,110.50,Kottayam,Kerala,Kottayam,3400,Rising,108.20,112.80,107.30,110.50
2016,2,2016-02-15,RSS-5,95.60,Kottayam,Kerala,Kottayam,1800,Rising,93.40,97.80,92.40,95.60
2016,2,2016-02-15,ISNR-20,92.40,Kottayam,Kerala,Kottayam,2100,Rising,90.20,94.60,89.20,92.40
2016,2,2016-02-15,Latex,116.50,Kottayam,Kerala,Kottayam,4000,Rising,114.20,118.80,113.30,116.50
2016,3,2016-03-15,RSS-4,108.60,Kottayam,Kerala,Kottayam,10800,Rising,106.30,110.90,102.90,108.60
2016,3,2016-03-15,RSS-3,116.70,Kottayam,Kerala,Kottayam,3200,Rising,114.40,119.00,111.00,116.70
2016,3,2016-03-15,RSS-5,101.80,Kottayam,Kerala,Kottayam,1700,Rising,99.60,104.00,96.10,101.80
2016,3,2016-03-15,ISNR-20,98.60,Kottayam,Kerala,Kottayam,2000,Rising,96.40,100.80,92.90,98.60
2016,3,2016-03-15,Latex,122.70,Kottayam,Kerala,Kottayam,3800,Rising,120.40,125.00,117.00,122.70
2016,4,2016-04-15,RSS-4,115.30,Kottayam,Kerala,Kottayam,9500,Rising,113.00,117.60,109.10,115.30
2016,4,2016-04-15,RSS-3,123.40,Kottayam,Kerala,Kottayam,3000,Rising,121.10,125.70,117.20,123.40
2016,4,2016-04-15,RSS-5,108.50,Kottayam,Kerala,Kottayam,1600,Rising,106.30,110.70,102.30,108.50
2016,4,2016-04-15,ISNR-20,105.30,Kottayam,Kerala,Kottayam,1900,Rising,103.10,107.50,99.10,105.30
2016,4,2016-04-15,Latex,129.40,Kottayam,Kerala,Kottayam,3600,Rising,127.10,131.70,123.20,129.40
2016,5,2016-05-15,RSS-4,122.50,Kottayam,Kerala,Kottayam,8800,Rising,120.20,124.80,115.80,122.50
2016,5,2016-05-15,RSS-3,130.60,Kottayam,Kerala,Kottayam,2800,Rising,128.30,132.90,123.90,130.60
2016,5,2016-05-15,RSS-5,115.70,Kottayam,Kerala,Kottayam,1500,Rising,113.50,117.90,109.00,115.70
2016,5,2016-05-15,ISNR-20,112.50,Kottayam,Kerala,Kottayam,1800,Rising,110.30,114.70,105.80,112.50
2016,5,2016-05-15,Latex,136.60,Kottayam,Kerala,Kottayam,3400,Rising,134.30,138.90,129.90,136.60
2016,6,2016-06-15,RSS-4,128.70,Kottayam,Kerala,Kottayam,7500,Rising,126.40,131.00,123.00,128.70
2016,6,2016-06-15,RSS-3,136.80,Kottayam,Kerala,Kottayam,2600,Rising,134.50,139.10,131.10,136.80
2016,6,2016-06-15,RSS-5,121.90,Kottayam,Kerala,Kottayam,1400,Rising,119.70,124.10,116.20,121.90
2016,6,2016-06-15,ISNR-20,118.70,Kottayam,Kerala,Kottayam,1700,Rising,116.50,120.90,113.00,118.70
2016,6,2016-06-15,Latex,142.80,Kottayam,Kerala,Kottayam,3200,Rising,140.50,145.10,137.10,142.80
2016,7,2016-07-15,RSS-4,135.40,Kottayam,Kerala,Kottayam,6800,Rising,133.10,137.70,129.20,135.40
2016,7,2016-07-15,RSS-3,143.50,Kottayam,Kerala,Kottayam,2400,Rising,141.20,145.80,137.30,143.50
2016,7,2016-07-15,RSS-5,128.60,Kottayam,Kerala,Kottayam,1300,Rising,126.40,130.80,122.40,128.60
2016,7,2016-07-15,ISNR-20,125.40,Kottayam,Kerala,Kottayam,1600,Rising,123.20,127.60,119.20,125.40
2016,7,2016-07-15,Latex,149.50,Kottayam,Kerala,Kottayam,3000,Rising,147.20,151.80,143.30,149.50
2016,8,2016-08-15,RSS-4,142.80,Kottayam,Kerala,Kottayam,7200,Rising,140.50,145.10,135.90,142.80
2016,8,2016-08-15,RSS-3,150.90,Kottayam,Kerala,Kottayam,2500,Rising,148.60,153.20,144.00,150.90
2016,8,2016-08-15,RSS-5,136.00,Kottayam,Kerala,Kottayam,1400,Rising,133.80,138.20,129.10,136.00
2016,8,2016-08-15,ISNR-20,132.80,Kottayam,Kerala,Kottayam,1700,Rising,130.60,135.00,125.90,132.80
2016,8,2016-08-15,Latex,156.90,Kottayam,Kerala,Kottayam,3200,Rising,154.60,159.20,150.00,156.90
2016,9,2016-09-15,RSS-4,148.50,Kottayam,Kerala,Kottayam,8500,Rising,146.20,150.80,143.30,148.50
2016,9,2016-09-15,RSS-3,156.60,Kottayam,Kerala,Kottayam,2700,Rising,154.30,158.90,151.40,156.60
2016,9,2016-09-15,RSS-5,141.70,Kottayam,Kerala,Kottayam,1500,Rising,139.50,143.90,136.50,141.70
2016,9,2016-09-15,ISNR-20,138.50,Kottayam,Kerala,Kottayam,1800,Rising,136.30,140.70,133.30,138.50
2016,9,2016-09-15,Latex,162.60,Kottayam,Kerala,Kottayam,3400,Rising,160.30,164.90,157.40,162.60
2016,10,2016-10-15,RSS-4,152.30,Kottayam,Kerala,Kottayam,10200,Rising,150.00,154.60,149.00,152.30
2016,10,2016-10-15,RSS-3,160.40,Kottayam,Kerala,Kottayam,3000,Rising,158.10,162.70,157.10,160.40
2016,10,2016-10-15,RSS-5,145.50,Kottayam,Kerala,Kottayam,1700,Rising,143.30,147.70,142.20,145.50
2016,10,2016-10-15,ISNR-20,142.30,Kottayam,Kerala,Kottayam,2000,Rising,140.10,144.50,139.00,142.30
2016,10,2016-10-15,Latex,166.40,Kottayam,Kerala,Kottayam,3700,Rising,164.10,168.70,163.10,166.40
2016,11,2016-11-15,RSS-4,145.60,Kottayam,Kerala,Kottayam,12500,Falling,143.30,147.90,151.80,145.60
2016,11,2016-11-15,RSS-3,153.70,Kottayam,Kerala,Kottayam,3400,Falling,151.40,156.00,159.90,153.70
2016,11,2016-11-15,RSS-5,138.80,Kottayam,Kerala,Kottayam,1900,Falling,136.60,141.00,145.00,138.80
2016,11,2016-11-15,ISNR-20,135.60,Kottayam,Kerala,Kottayam,2200,Falling,133.40,137.80,141.80,135.60
2016,11,2016-11-15,Latex,159.70,Kottayam,Kerala,Kottayam,4000,Falling,157.40,162.00,165.90,159.70
2016,12,2016-12-15,RSS-4,138.40,Kottayam,Kerala,Kottayam,13800,Falling,136.10,140.70,145.10,138.40
2016,12,2016-12-15,RSS-3,146.50,Kottayam,Kerala,Kottayam,3800,Falling,144.20,148.80,153.20,146.50
2016,12,2016-12-15,RSS-5,131.60,Kottayam,Kerala,Kottayam,2100,Falling,129.40,133.80,138.30,131.60
2016,12,2016-12-15,ISNR-20,128.40,Kottayam,Kerala,Kottayam,2400,Falling,126.20,130.60,135.10,128.40
2016,12,2016-12-15,Latex,152.50,Kottayam,Kerala,Kottayam,4200,Falling,150.20,154.80,159.20,152.50
2017,1,2017-01-15,RSS-4,142.70,Kottayam,Kerala,Kottayam,13200,Rising,140.40,145.00,138.90,142.70
2017,2,2017-02-15,RSS-4,148.30,Kottayam,Kerala,Kottayam,12000,Rising,146.00,150.60,143.20,148.30
2017,3,2017-03-15,RSS-4,145.60,Kottayam,Kerala,Kottayam,10500,Falling,143.30,147.90,147.80,145.60
2017,4,2017-04-15,RSS-4,138.80,Kottayam,Kerala,Kottayam,9000,Falling,136.50,141.10,145.10,138.80
2017,5,2017-05-15,RSS-4,132.50,Kottayam,Kerala,Kottayam,8200,Falling,130.20,134.80,138.30,132.50
2017,6,2017-06-15,RSS-4,128.70,Kottayam,Kerala,Kottayam,7000,Falling,126.40,131.00,132.00,128.70
2017,7,2017-07-15,RSS-4,125.40,Kottayam,Kerala,Kottayam,6500,Falling,123.10,127.70,128.20,125.40
2017,8,2017-08-15,RSS-4,118.60,Kottayam,Kerala,Kottayam,6800,Falling,116.30,120.90,124.90,118.60
2017,9,2017-09-15,RSS-4,122.30,Kottayam,Kerala,Kottayam,8000,Rising,120.00,124.60,119.10,122.30
2017,10,2017-10-15,RSS-4,128.50,Kottayam,Kerala,Kottayam,9800,Rising,126.20,130.80,122.80,128.50
2017,11,2017-11-15,RSS-4,132.80,Kottayam,Kerala,Kottayam,11500,Rising,130.50,135.10,129.00,132.80
2017,12,2017-12-15,RSS-4,128.40,Kottayam,Kerala,Kottayam,12800,Falling,126.10,130.70,132.30,128.40
2018,1,2018-01-15,RSS-4,125.60,Kottayam,Kerala,Kottayam,12500,Falling,123.30,127.90,127.90,125.60
2018,2,2018-02-15,RSS-4,122.30,Kottayam,Kerala,Kottayam,11200,Falling,120.00,124.60,125.10,122.30
2018,3,2018-03-15,RSS-4,118.70,Kottayam,Kerala,Kottayam,10000,Falling,116.40,121.00,121.80,118.70
2018,4,2018-04-15,RSS-4,115.40,Kottayam,Kerala,Kottayam,8800,Falling,113.10,117.70,118.20,115.40
2018,5,2018-05-15,RSS-4,112.80,Kottayam,Kerala,Kottayam,8000,Falling,110.50,115.10,114.90,112.80
2018,6,2018-06-15,RSS-4,108.50,Kottayam,Kerala,Kottayam,6800,Falling,106.20,110.80,112.30,108.50
2018,7,2018-07-15,RSS-4,105.30,Kottayam,Kerala,Kottayam,6200,Falling,103.00,107.60,108.00,105.30
2018,8,2018-08-15,RSS-4,118.70,Kottayam,Kerala,Kottayam,5500,Rising,116.40,121.00,105.80,118.70
2018,9,2018-09-15,RSS-4,125.40,Kottayam,Kerala,Kottayam,7000,Rising,123.10,127.70,119.20,125.40
2018,10,2018-10-15,RSS-4,132.60,Kottayam,Kerala,Kottayam,8500,Rising,130.30,134.90,125.90,132.60
2018,11,2018-11-15,RSS-4,128.30,Kottayam,Kerala,Kottayam,10000,Falling,126.00,130.60,132.10,128.30
2018,12,2018-12-15,RSS-4,122.50,Kottayam,Kerala,Kottayam,11500,Falling,120.20,124.80,127.80,122.50
2019,1,2019-01-15,RSS-4,125.80,Kottayam,Kerala,Kottayam,11200,Rising,123.50,128.10,123.00,125.80
2019,2,2019-02-15,RSS-4,128.40,Kottayam,Kerala,Kottayam,10000,Rising,126.10,130.70,126.30,128.40
2019,3,2019-03-15,RSS-4,132.70,Kottayam,Kerala,Kottayam,9000,Rising,130.40,135.00,128.90,132.70
2019,4,2019-04-15,RSS-4,138.50,Kottayam,Kerala,Kottayam,8000,Rising,136.20,140.80,133.20,138.50
2019,5,2019-05-15,RSS-4,135.30,Kottayam,Kerala,Kottayam,7200,Falling,133.00,137.60,138.00,135.30
2019,6,2019-06-15,RSS-4,128.60,Kottayam,Kerala,Kottayam,6200,Falling,126.30,130.90,134.80,128.60
2019,7,2019-07-15,RSS-4,122.40,Kottayam,Kerala,Kottayam,5800,Falling,120.10,124.70,128.10,122.40
2019,8,2019-08-15,RSS-4,118.70,Kottayam,Kerala,Kottayam,6000,Falling,116.40,121.00,121.90,118.70
2019,9,2019-09-15,RSS-4,125.30,Kottayam,Kerala,Kottayam,7200,Rising,123.00,127.60,119.20,125.30
2019,10,2019-10-15,RSS-4,132.50,Kottayam,Kerala,Kottayam,8800,Rising,130.20,134.80,125.80,132.50
2019,11,2019-11-15,RSS-4,138.80,Kottayam,Kerala,Kottayam,10200,Rising,136.50,141.10,133.00,138.80
2019,12,2019-12-15,RSS-4,142.40,Kottayam,Kerala,Kottayam,11500,Rising,140.10,144.70,139.30,142.40
2020,1,2020-01-15,RSS-4,138.60,Kottayam,Kerala,Kottayam,11000,Falling,136.30,140.90,141.90,138.60
2020,2,2020-02-15,RSS-4,135.30,Kottayam,Kerala,Kottayam,10000,Falling,133.00,137.60,138.10,135.30
2020,3,2020-03-15,RSS-4,118.50,Kottayam,Kerala,Kottayam,7500,Falling,116.20,120.80,134.80,118.50
2020,4,2020-04-15,RSS-4,105.70,Kottayam,Kerala,Kottayam,4500,Falling,103.40,108.00,118.00,105.70
2020,5,2020-05-15,RSS-4,112.40,Kottayam,Kerala,Kottayam,5200,Rising,110.10,114.70,106.20,112.40
2020,6,2020-06-15,RSS-4,118.80,Kottayam,Kerala,Kottayam,5800,Rising,116.50,121.10,112.90,118.80
2020,7,2020-07-15,RSS-4,125.30,Kottayam,Kerala,Kottayam,6200,Rising,123.00,127.60,119.30,125.30
2020,8,2020-08-15,RSS-4,132.60,Kottayam,Kerala,Kottayam,6800,Rising,130.30,134.90,125.80,132.60
2020,9,2020-09-15,RSS-4,138.40,Kottayam,Kerala,Kottayam,7500,Rising,136.10,140.70,133.10,138.40
2020,10,2020-10-15,RSS-4,145.70,Kottayam,Kerala,Kottayam,8500,Rising,143.40,148.00,138.90,145.70
2020,11,2020-11-15,RSS-4,152.30,Kottayam,Kerala,Kottayam,9800,Rising,150.00,154.60,146.20,152.30
2020,12,2020-12-15,RSS-4,158.60,Kottayam,Kerala,Kottayam,11000,Rising,156.30,160.90,152.80,158.60
2021,1,2021-01-15,RSS-4,165.40,Kottayam,Kerala,Kottayam,10800,Rising,163.10,167.70,159.10,165.40
2021,2,2021-02-15,RSS-4,172.80,Kottayam,Kerala,Kottayam,9800,Rising,170.50,175.10,165.90,172.80
2021,3,2021-03-15,RSS-4,178.50,Kottayam,Kerala,Kottayam,8800,Rising,176.20,180.80,173.30,178.50
2021,4,2021-04-15,RSS-4,168.30,Kottayam,Kerala,Kottayam,7800,Falling,166.00,170.60,178.00,168.30
2021,5,2021-05-15,RSS-4,158.70,Kottayam,Kerala,Kottayam,7000,Falling,156.40,161.00,167.80,158.70
2021,6,2021-06-15,RSS-4,152.40,Kottayam,Kerala,Kottayam,6200,Falling,150.10,154.70,158.20,152.40
2021,7,2021-07-15,RSS-4,148.60,Kottayam,Kerala,Kottayam,5800,Falling,146.30,150.90,151.90,148.60
2021,8,2021-08-15,RSS-4,155.30,Kottayam,Kerala,Kottayam,6200,Rising,153.00,157.60,149.10,155.30
2021,9,2021-09-15,RSS-4,162.70,Kottayam,Kerala,Kottayam,7200,Rising,160.40,165.00,155.80,162.70
2021,10,2021-10-15,RSS-4,168.40,Kottayam,Kerala,Kottayam,8500,Rising,166.10,170.70,163.20,168.40
2021,11,2021-11-15,RSS-4,175.80,Kottayam,Kerala,Kottayam,9800,Rising,173.50,178.10,168.90,175.80
2021,12,2021-12-15,RSS-4,182.30,Kottayam,Kerala,Kottayam,11000,Rising,180.00,184.60,176.30,182.30
2022,1,2022-01-15,RSS-4,178.60,Kottayam,Kerala,Kottayam,10800,Falling,176.30,180.90,181.80,178.60
2022,2,2022-02-15,RSS-4,172.40,Kottayam,Kerala,Kottayam,9800,Falling,170.10,174.70,178.10,172.40
2022,3,2022-03-15,RSS-4,168.70,Kottayam,Kerala,Kottayam,8800,Falling,166.40,171.00,171.90,168.70
2022,4,2022-04-15,RSS-4,175.30,Kottayam,Kerala,Kottayam,7800,Rising,173.00,177.60,169.20,175.30
2022,5,2022-05-15,RSS-4,182.60,Kottayam,Kerala,Kottayam,7000,Rising,180.30,184.90,175.80,182.60
2022,6,2022-06-15,RSS-4,178.40,Kottayam,Kerala,Kottayam,6200,Falling,176.10,180.70,182.10,178.40
2022,7,2022-07-15,RSS-4,172.50,Kottayam,Kerala,Kottayam,5800,Falling,170.20,174.80,177.90,172.50
2022,8,2022-08-15,RSS-4,165.80,Kottayam,Kerala,Kottayam,6200,Falling,163.50,168.10,172.00,165.80
2022,9,2022-09-15,RSS-4,158.30,Kottayam,Kerala,Kottayam,7200,Falling,156.00,160.60,165.30,158.30
2022,10,2022-10-15,RSS-4,152.70,Kottayam,Kerala,Kottayam,8500,Falling,150.40,155.00,157.80,152.70
2022,11,2022-11-15,RSS-4,148.40,Kottayam,Kerala,Kottayam,9800,Falling,146.10,150.70,152.20,148.40
2022,12,2022-12-15,RSS-4,145.60,Kottayam,Kerala,Kottayam,11000,Falling,143.30,147.90,147.90,145.60
2023,1,2023-01-15,RSS-4,148.30,Kottayam,Kerala,Kottayam,10800,Rising,146.00,150.60,146.10,148.30
2023,2,2023-02-15,RSS-4,152.70,Kottayam,Kerala,Kottayam,9800,Rising,150.40,155.00,148.80,152.70
2023,3,2023-03-15,RSS-4,158.40,Kottayam,Kerala,Kottayam,8800,Rising,156.10,160.70,153.20,158.40
2023,4,2023-04-15,RSS-4,165.80,Kottayam,Kerala,Kottayam,7800,Rising,163.50,168.10,158.90,165.80
2023,5,2023-05-15,RSS-4,172.30,Kottayam,Kerala,Kottayam,7000,Rising,170.00,174.60,166.30,172.30
2023,6,2023-06-15,RSS-4,168.50,Kottayam,Kerala,Kottayam,6200,Falling,166.20,170.80,171.80,168.50
2023,7,2023-07-15,RSS-4,162.70,Kottayam,Kerala,Kottayam,5800,Falling,160.40,165.00,168.00,162.70
2023,8,2023-08-15,RSS-4,158.40,Kottayam,Kerala,Kottayam,6200,Falling,156.10,160.70,162.20,158.40
2023,9,2023-09-15,RSS-4,165.30,Kottayam,Kerala,Kottayam,7200,Rising,163.00,167.60,158.90,165.30
2023,10,2023-10-15,RSS-4,172.60,Kottayam,Kerala,Kottayam,8500,Rising,170.30,174.90,165.80,172.60
2023,11,2023-11-15,RSS-4,178.40,Kottayam,Kerala,Kottayam,9800,Rising,176.10,180.70,173.10,178.40
2023,12,2023-12-15,RSS-4,182.70,Kottayam,Kerala,Kottayam,11000,Rising,180.40,185.00,178.90,182.70
2024,1,2024-01-15,RSS-4,185.30,Kottayam,Kerala,Kottayam,10800,Rising,183.00,187.60,183.20,185.30
2024,1,2024-01-15,RSS-3,193.40,Kottayam,Kerala,Kottayam,2800,Rising,191.10,195.70,191.30,193.40
2024,1,2024-01-15,RSS-5,178.50,Kottayam,Kerala,Kottayam,1500,Rising,176.30,180.70,176.40,178.50
2024,1,2024-01-15,ISNR-20,175.30,Kottayam,Kerala,Kottayam,1800,Rising,173.10,177.50,173.20,175.30
2024,1,2024-01-15,Latex,199.40,Kottayam,Kerala,Kottayam,3400,Rising,197.10,201.70,197.30,199.40
2024,1,2024-01-15,RSS-4,183.80,Changanacherry,Kerala,Kottayam,3600,Rising,181.50,186.10,181.70,183.80
2024,1,2024-01-15,RSS-4,183.40,Palai,Kerala,Idukki,3200,Rising,181.10,185.70,181.30,183.40
2024,1,2024-01-15,RSS-4,184.00,Thodupuzha,Kerala,Idukki,3000,Rising,181.70,186.30,181.90,184.00
2024,1,2024-01-15,RSS-4,185.80,Kochi,Kerala,Ernakulam,5200,Rising,183.50,188.10,183.70,185.80
2024,1,2024-01-15,RSS-4,183.00,Thrissur,Kerala,Thrissur,2700,Rising,180.70,185.30,180.90,183.00
2024,1,2024-01-15,RSS-4,182.30,Kozhikode,Kerala,Kozhikode,2200,Rising,180.00,184.60,180.20,182.30
2024,2,2024-02-15,RSS-4,188.60,Kottayam,Kerala,Kottayam,9800,Rising,186.30,190.90,185.80,188.60
2024,2,2024-02-15,RSS-3,196.70,Kottayam,Kerala,Kottayam,2600,Rising,194.40,199.00,193.90,196.70
2024,2,2024-02-15,RSS-5,181.80,Kottayam,Kerala,Kottayam,1400,Rising,179.60,184.00,179.00,181.80
2024,2,2024-02-15,ISNR-20,178.60,Kottayam,Kerala,Kottayam,1700,Rising,176.40,180.80,175.80,178.60
2024,2,2024-02-15,Latex,202.70,Kottayam,Kerala,Kottayam,3200,Rising,200.40,205.00,199.90,202.70
2024,3,2024-03-15,RSS-4,192.40,Kottayam,Kerala,Kottayam,8800,Rising,190.10,194.70,189.10,192.40
2024,4,2024-04-15,RSS-4,198.70,Kottayam,Kerala,Kottayam,7800,Rising,196.40,201.00,192.90,198.70
2024,5,2024-05-15,RSS-4,205.30,Kottayam,Kerala,Kottayam,7000,Rising,203.00,207.60,199.20,205.30
2024,6,2024-06-15,RSS-4,198.50,Kottayam,Kerala,Kottayam,6200,Falling,196.20,200.80,204.80,198.50
2024,7,2024-07-15,RSS-4,192.80,Kottayam,Kerala,Kottayam,5800,Falling,190.50,195.10,198.00,192.80
2024,8,2024-08-15,RSS-4,188.40,Kottayam,Kerala,Kottayam,6200,Falling,186.10,190.70,192.30,188.40
2024,9,2024-09-15,RSS-4,195.60,Kottayam,Kerala,Kottayam,7200,Rising,193.30,197.90,188.90,195.60
2024,10,2024-10-15,RSS-4,202.30,Kottayam,Kerala,Kottayam,8500,Rising,200.00,204.60,196.10,202.30
2024,11,2024-11-15,RSS-4,208.70,Kottayam,Kerala,Kottayam,9800,Rising,206.40,211.00,202.80,208.70
2024,12,2024-12-15,RSS-4,215.40,Kottayam,Kerala,Kottayam,11000,Rising,213.10,217.70,209.20,215.40
2024,12,2024-12-15,RSS-3,223.50,Kottayam,Kerala,Kottayam,2800,Rising,221.20,225.80,217.30,223.50
2024,12,2024-12-15,RSS-5,208.60,Kottayam,Kerala,Kottayam,1500,Rising,206.40,210.80,202.40,208.60
2024,12,2024-12-15,ISNR-20,205.40,Kottayam,Kerala,Kottayam,1800,Rising,203.20,207.60,199.20,205.40
2024,12,2024-12-15,Latex,229.50,Kottayam,Kerala,Kottayam,3400,Rising,227.20,231.80,223.30,229.50
2024,12,2024-12-15,RSS-4,213.90,Changanacherry,Kerala,Kottayam,3600,Rising,211.60,216.20,207.70,213.90
2024,12,2024-12-15,RSS-4,213.50,Palai,Kerala,Idukki,3200,Rising,211.20,215.80,207.30,213.50
2024,12,2024-12-15,RSS-4,214.10,Thodupuzha,Kerala,Idukki,3000,Rising,211.80,216.40,207.90,214.10
2024,12,2024-12-15,RSS-4,215.90,Kochi,Kerala,Ernakulam,5200,Rising,213.60,218.20,209.70,215.90
2024,12,2024-12-15,RSS-4,213.10,Thrissur,Kerala,Thrissur,2700,Rising,210.80,215.40,206.90,213.10
2024,12,2024-12-15,RSS-4,212.40,Kozhikode,Kerala,Kozhikode,2200,Rising,210.10,214.70,206.20,212.40
2025,1,2025-01-15,RSS-4,218.60,Kottayam,Kerala,Kottayam,10800,Rising,216.30,220.90,215.90,218.60
2025,1,2025-01-15,RSS-3,226.70,Kottayam,Kerala,Kottayam,2800,Rising,224.40,229.00,224.00,226.70
2025,1,2025-01-15,RSS-5,211.80,Kottayam,Kerala,Kottayam,1500,Rising,209.60,214.00,209.10,211.80
2025,1,2025-01-15,ISNR-20,208.60,Kottayam,Kerala,Kottayam,1800,Rising,206.40,210.80,205.90,208.60
2025,1,2025-01-15,Latex,232.70,Kottayam,Kerala,Kottayam,3400,Rising,230.40,235.00,230.00,232.70
2025,1,2025-01-15,RSS-4,217.10,Changanacherry,Kerala,Kottayam,3600,Rising,214.80,219.40,214.40,217.10
2025,1,2025-01-15,RSS-4,216.70,Palai,Kerala,Idukki,3200,Rising,214.40,219.00,214.00,216.70
2025,1,2025-01-15,RSS-4,217.30,Thodupuzha,Kerala,Idukki,3000,Rising,215.00,219.60,214.60,217.30
2025,1,2025-01-15,RSS-4,219.10,Kochi,Kerala,Ernakulam,5200,Rising,216.80,221.40,216.40,219.10
2025,1,2025-01-15,RSS-4,216.30,Thrissur,Kerala,Thrissur,2700,Rising,214.00,218.60,213.60,216.30
2025,1,2025-01-15,RSS-4,215.60,Kozhikode,Kerala,Kozhikode,2200,Rising,213.30,217.90,212.90,215.60
